Workbook

Sheet 产品宽度
A1: 业务中心 | B1: 日历年 | C1: 售达方 | D1: 交易方 | E1: 用户客户身份 | F1: 销售域账号（客户主数据 部门） | G1: CRM部门 | H1: IPC | I1: 球机 | J1: 专用摄像机 | K1: 服务器 | L1: 网络产品 | M1: PC产品 | N1: NVR | O1: 存储 | P1: LED与拼控 | Q1: LCD与解码 | R1: 智能交通 | S1: 移动终端产品 | T1: 出入口停车 | U1: 门禁 | V1: 对讲 | W1: 人员通道 | X1: 报警 | Y1: 音频产品 | Z1: 传感产品 | AA1: 智慧屏与视频会议 | AB1: 通用软件 | AC1: 行业软件 | AD1: 基础软件 | AE1: 新业务（热成像/睿影/消防等） | AF1: 网络安全 | AG1: 综合布线与机柜机房 | AH1: 智能计算 | AI1: 是否大于10w | AJ1: 产品宽度合计
A2: 深圳 | B2: 2026 | C2: 102158 | D2: 维谛技术有限公司 | E2: 合作伙伴&最终用户 | F2: 陈刚sz | G2: 客户销售二组 | H2: 1 | I2: 0 | J2: 0 | K2: 1 | L2: 1 | M2: 0 | N2: 1 | O2: 1 | P2: 0 | Q2: 1 | R2: 0 | S2: 0 | T2: 0 | U2: 1 | V2: 0 | W2: 1 | X2: 1 | Y2: 1 | Z2: 0 | AA2: 0 | AB2: 1 | AC2: 0 | AD2: 1 | AE2: 1 | AF2: 1 | AG2: 0 | AH2: 1 | AI2: 是 | AJ2: 15
A3: 深圳 | B3: 2026 | C3: 115462 | D3: 深圳市麦驰物联股份有限公司 | E3: 合作伙伴 | F3: 张宜军8 | G3: 客户销售四组 | H3: 1 | I3: 1 | J3: 0 | K3: 0 | L3: 0 | M3: 0 | N3: 1 | O3: 0 | P3: 1 | Q3: 1 | R3: 0 | S3: 0 | T3: 1 | U3: 1 | V3: 0 | W3: 1 | X3: 0 | Y3: 0 | Z3: 0 | AA3: 0 | AB3: 1 | AC3: 0 | AD3: 1 | AE3: 0 | AF3: 1 | AG3: 0 | AH3: 1 | AI3: 是 | AJ3: 12
A4: 深圳 | B4: 2026 | C4: 115465 | D4: 深圳英飞拓仁用信息有限公司 | E4: 合作伙伴 | F4: 王嘉恺5 | G4: 客户销售一组 | H4: 0 | I4: 0 | J4: 0 | K4: 0 | L4: 0 | M4: 0 | N4: 0 | O4: 0 | P4: 0 | Q4: 0 | R4: 0 | S4: 0 | T4: 0 | U4: 1 | V4: 0 | W4: 0 | X4: 0 | Y4: 0 | Z4: 0 | AA4: 0 | AB4: 0 | AC4: 0 | AD4: 0 | AE4: 0 | AF4: 0 | AG4: 0 | AH4: 0 | AI4: 否 | AJ4: 1
A5: 深圳 | B5: 2026 | C5: 115482 | D5: 深圳市安车检测股份有限公司 | E5: 合作伙伴 | F5: 刘文宇5 | G5: 客户销售四组 | H5: 1 | I5: 1 | J5: 0 | K5: 0 | L5: 0 | M5: 0 | N5: 1 | O5: 0 | P5: 0 | Q5: 0 | R5: 0 | S5: 0 | T5: 0 | U5: 0 | V5: 0 | W5: 0 | X5: 0 | Y5: 0 | Z5: 0 | AA5: 0 | AB5: 0 | AC5: 0 | AD5: 0 | AE5: 1 | AF5: 0 | AG5: 0 | AH5: 0 | AI5: 是 | AJ5: 4
A6: 深圳 | B6: 2026 | C6: 115488 | D6: 深圳畅想智慧建设有限公司 | E6: 合作伙伴 | F6: 段金君 | G6: 客户销售一部 | H6: 1 | I6: 1 | J6: 0 | K6: 0 | L6: 0 | M6: 0 | N6: 1 | O6: 0 | P6: 0 | Q6: 0 | R6: 0 | S6: 0 | T6: 0 | U6: 0 | V6: 0 | W6: 0 | X6: 0 | Y6: 0 | Z6: 0 | AA6: 0 | AB6: 0 | AC6: 0 | AD6: 0 | AE6: 0 | AF6: 0 | AG6: 0 | AH6: 0 | AI6: 否 | AJ6: 3
A7: 深圳 | B7: 2026 | C7: 115490 | D7: 东深智水科技（深圳）股份有限公司 | E7: 合作伙伴&最终用户 | F7: 王鹏旭 | G7: 客户销售三组 | H7: 1 | I7: 1 | J7: 0 | K7: 0 | L7: 1 | M7: 1 | N7: 1 | O7: 0 | P7: 1 | Q7: 1 | R7: 0 | S7: 0 | T7: 1 | U7: 1 | V7: 0 | W7: 1 | X7: 0 | Y7: 0 | Z7: 0 | AA7: 0 | AB7: 0 | AC7: 0 | AD7: 0 | AE7: 0 | AF7: 0 | AG7: 0 | AH7: 0 | AI7: 是 | AJ7: 10
A8: 深圳 | B8: 2026 | C8: 115497 | D8: 深圳市合技自动化系统有限公司 | E8: 合作伙伴 | F8: 胡鹏17 | G8: 客户销售四组 | H8: 0 | I8: 1 | J8: 0 | K8: 0 | L8: 0 | M8: 0 | N8: 1 | O8: 0 | P8: 0 | Q8: 0 | R8: 1 | S8: 0 | T8: 1 | U8: 1 | V8: 0 | W8: 0 | X8: 0 | Y8: 0 | Z8: 0 | AA8: 0 | AB8: 0 | AC8: 0 | AD8: 0 | AE8: 0 | AF8: 0 | AG8: 1 | AH8: 0 | AI8: 否 | AJ8: 6
A9: 深圳 | B9: 2026 | C9: 115575 | D9: 深圳昌恩智能股份有限公司 | E9: 合作伙伴 | F9: 王鹏旭 | G9: 客户销售三组 | H9: 1 | I9: 0 | J9: 0 | K9: 0 | L9: 0 | M9: 0 | N9: 1 | O9: 0 | P9: 0 | Q9: 0 | R9: 0 | S9: 0 | T9: 0 | U9: 0 | V9: 0 | W9: 0 | X9: 0 | Y9: 0 | Z9: 0 | AA9: 0 | AB9: 0 | AC9: 0 | AD9: 0 | AE9: 0 | AF9: 0 | AG9: 0 | AH9: 0 | AI9: 是 | AJ9: 2
A10: 深圳 | B10: 2026 | C10: 115579 | D10: 深圳市利之宝电子有限公司 | E10: 合作伙伴 | F10: 张振德 | G10: 客户销售一组 | H10: 0 | I10: 0 | J10: 0 | K10: 0 | L10: 0 | M10: 0 | N10: 0 | O10: 0 | P10: 0 | Q10: 0 | R10: 0 | S10: 0 | T10: 0 | U10: 0 | V10: 0 | W10: 0 | X10: 0 | Y10: 0 | Z10: 0 | AA10: 0 | AB10: 0 | AC10: 1 | AD10: 0 | AE10: 0 | AF10: 0 | AG10: 0 | AH10: 1 | AI10: 是 | AJ10: 2
A11: 深圳 | B11: 2026 | C11: 115596 | D11: 深圳市车安科技发展有限公司 | E11: 合作伙伴 | F11: 段金君 | G11: 客户销售一部 | H11: 1 | I11: 0 | J11: 0 | K11: 0 | L11: 0 | M11: 0 | N11: 0 | O11: 0 | P11: 0 | Q11: 0 | R11: 0 | S11: 0 | T11: 0 | U11: 0 | V11: 0 | W11: 0 | X11: 0 | Y11: 0 | Z11: 0 | AA11: 0 | AB11: 0 | AC11: 0 | AD11: 0 | AE11: 0 | AF11: 0 | AG11: 0 | AH11: 0 | AI11: 否 | AJ11: 1
A12: 深圳 | B12: 2026 | C12: 115618 | D12: 深圳市求卓科技有限公司 | E12: 合作伙伴 | F12: 彭威12 | G12: 客户销售一组 | H12: 1 | I12: 0 | J12: 0 | K12: 0 | L12: 1 | M12: 0 | N12: 1 | O12: 0 | P12: 0 | Q12: 1 | R12: 0 | S12: 0 | T12: 0 | U12: 0 | V12: 0 | W12: 0 | X12: 0 | Y12: 0 | Z12: 0 | AA12: 0 | AB12: 1 | AC12: 0 | AD12: 0 | AE12: 0 | AF12: 0 | AG12: 0 | AH12: 0 | AI12: 是 | AJ12: 5
A13: 深圳 | B13: 2026 | C13: 115632 | D13: 深圳市正方体科技有限公司 | E13: 合作伙伴 | F13: 熊佳豪 | G13: 客户销售三组 | H13: 0 | I13: 1 | J13: 1 | K13: 0 | L13: 0 | M13: 0 | N13: 1 | O13: 0 | P13: 0 | Q13: 0 | R13: 0 | S13: 0 | T13: 0 | U13: 0 | V13: 0 | W13: 0 | X13: 0 | Y13: 0 | Z13: 0 | AA13: 0 | AB13: 0 | AC13: 0 | AD13: 0 | AE13: 0 | AF13: 0 | AG13: 0 | AH13: 0 | AI13: 是 | AJ13: 3
... A472: 深圳 | B472: 2026 | C472: 566981 | D472: 深圳市语梦科技有限公司 | E472: 合作伙伴 | F472: 张振德 | G472: 客户销售一组 | H472: 0 | I472: 0 | J472: 0 | K472: 0 | L472: 0 | M472: 0 | N472: 0 | O472: 0 | P472: 0 | Q472: 0 | R472: 0 | S472: 0 | T472: 0 | U472: 0 | V472: 0 | W472: 0 | X472: 0 | Y472: 0 | Z472: 0 | AA472: 1 | AB472: 0 | AC472: 0 | AD472: 0 | AE472: 0 | AF472: 0 | AG472: 0 | AH472: 0 | AI472: 否 | AJ472: 1

Sheet 场景数字化
A1: 数字化产品子类 | B1: 业绩地市 | C1: 销售雇员中文名 | D1: 售达方名称 | E1: 出库金额(元) | F1: 团队 | G1: 二级部门 | I1: 行标签 | J1: 求和项:出库金额(元)
A2: AI开放平台摄像机 | B2: 深圳市 | C2: 刘文宇5 | D2: 深圳市皓驰安防科技有限公司 | E2: 1215 | F2: =VLOOKUP(C2,[1]销售对应表!C:J,5,0) -> 客户销售四组 | G2: =VLOOKUP(C2,[1]销售对应表!C:J,6,0) -> 客户销售一部 | I2: 客户销售一部 | J2: 10402782
A3: AI开放平台摄像机 | B3: 深圳市 | C3: 孙天6 | D3: 中山顺丰速运有限公司 | E3: 41175 | F3: =VLOOKUP(C3,[1]销售对应表!C:J,5,0) -> 客户销售二组 | G3: =VLOOKUP(C3,[1]销售对应表!C:J,6,0) -> 客户销售一部 | I3: 客户销售二组 | J3: 1696779.5
A4: AI开放平台摄像机 | B4: 深圳市 | C4: 孙天6 | D4: 宁波海曙启天计算机有限公司 | E4: 835 | F4: =VLOOKUP(C4,[1]销售对应表!C:J,5,0) -> 客户销售二组 | G4: =VLOOKUP(C4,[1]销售对应表!C:J,6,0) -> 客户销售一部 | I4: 蔡均鑫 | J4: 101420
A5: AI开放平台摄像机 | B5: 深圳市 | C5: 徐志伟8 | D5: 深圳市行健自动化股份有限公司 | E5: 7560 | F5: =VLOOKUP(C5,[1]销售对应表!C:J,5,0) -> 客户销售四组 | G5: =VLOOKUP(C5,[1]销售对应表!C:J,6,0) -> 客户销售一部 | I5: 陈刚sz | J5: 370550
A6: AI开放平台摄像机 | B6: 深圳市 | C6: 梁资航5 | D6: 深圳市影美驰科技发展有限公司 | E6: 2080 | F6: =VLOOKUP(C6,[1]销售对应表!C:J,5,0) -> 客户销售四组 | G6: =VLOOKUP(C6,[1]销售对应表!C:J,6,0) -> 客户销售一部 | I6: 陈伟添 | J6: 75865.58
A7: AI开放平台摄像机 | B7: 深圳市 | C7: 段金君 | D7: 深圳市安华计算机有限公司 | E7: 546 | F7: =VLOOKUP(C7,[1]销售对应表!C:J,5,0) -> 客户销售一部 | G7: =VLOOKUP(C7,[1]销售对应表!C:J,6,0) -> 客户销售一部 | I7: 罗肖福 | J7: 324895
A8: AI开放平台摄像机 | B8: 深圳市 | C8: 段金君 | D8: 深圳市青云酒店信息技术有限公司 | E8: 5202 | F8: =VLOOKUP(C8,[1]销售对应表!C:J,5,0) -> 客户销售一部 | G8: =VLOOKUP(C8,[1]销售对应表!C:J,6,0) -> 客户销售一部 | I8: 孙天6 | J8: 824048.92
A9: AI开放平台摄像机 | B9: 深圳市 | C9: 熊佳豪 | D9: 时代高科技设备（赣州）有限公司 | E9: 5320 | F9: =VLOOKUP(C9,[1]销售对应表!C:J,5,0) -> 客户销售三组 | G9: =VLOOKUP(C9,[1]销售对应表!C:J,6,0) -> 客户销售一部 | I9: 客户销售三组 | J9: 969229.97
A10: AI开放平台摄像机 | B10: 深圳市 | C10: 熊佳豪 | D10: 深圳市中电电力技术股份有限公司 | E10: 17220 | F10: =VLOOKUP(C10,[1]销售对应表!C:J,5,0) -> 客户销售三组 | G10: =VLOOKUP(C10,[1]销售对应表!C:J,6,0) -> 客户销售一部 | I10: 陈春11 | J10: 20584
A11: AI开放平台摄像机 | B11: 深圳市 | C11: 熊佳豪 | D11: 深圳金三立视频科技股份有限公司 | E11: 757 | F11: =VLOOKUP(C11,[1]销售对应表!C:J,5,0) -> 客户销售三组 | G11: =VLOOKUP(C11,[1]销售对应表!C:J,6,0) -> 客户销售一部 | I11: 王鹏旭 | J11: 50865
A12: AI开放平台摄像机 | B12: 深圳市 | C12: 范富山 | D12: 深圳市锐天盛世智能科技有限公司 | E12: 2040 | F12: =VLOOKUP(C12,[1]销售对应表!C:J,5,0) -> 客户销售四组 | G12: =VLOOKUP(C12,[1]销售对应表!C:J,6,0) -> 客户销售一部 | I12: 熊佳豪 | J12: 778799.97
A13: AI开放平台摄像机 | B13: 深圳市 | C13: 蔡均鑫 | D13: 深圳市森安科技有限公司 | E13: 4730 | F13: =VLOOKUP(C13,[1]销售对应表!C:J,5,0) -> 客户销售二组 | G13: =VLOOKUP(C13,[1]销售对应表!C:J,6,0) -> 客户销售一部 | I13: 罗兴华 | J13: 118981
... A31: AI开放平台摄像机（数字化） | B31: 深圳市 | C31: 罗兴华 | D31: 深圳市盛辉腾科技有限公司 | E31: 17600 | F31: =VLOOKUP(C31,[1]销售对应表!C:J,5,0) -> 客户销售三组 | G31: =VLOOKUP(C31,[1]销售对应表!C:J,6,0) -> 客户销售一部 | I31: 高巍10 | J31: 18615
A32: AI开放平台摄像机（数字化） | B32: 深圳市 | C32: 罗肖福 | D32: 深圳市讯耐特科技有限公司 | E32: 1125 | F32: =VLOOKUP(C32,[1]销售对应表!C:J,5,0) -> 客户销售二组 | G32: =VLOOKUP(C32,[1]销售对应表!C:J,6,0) -> 客户销售一部 | I32: (空白)
A33: AI开放平台摄像机（数字化） | B33: 深圳市 | C33: 范富山 | D33: 深圳市锐天盛世智能科技有限公司 | E33: 3400 | F33: =VLOOKUP(C33,[1]销售对应表!C:J,5,0) -> 客户销售四组 | G33: =VLOOKUP(C33,[1]销售对应表!C:J,6,0) -> 客户销售一部 | I33: (空白)
A34: AI开放平台摄像机（数字化） | B34: 深圳市 | C34: 蔡均鑫 | D34: 视昀科技（深圳）有限公司 | E34: -990 | F34: =VLOOKUP(C34,[1]销售对应表!C:J,5,0) -> 客户销售二组 | G34: =VLOOKUP(C34,[1]销售对应表!C:J,6,0) -> 客户销售一部 | I34: (空白)
A35: AI开放平台摄像机（数字化） | B35: 深圳市 | C35: 陈伟添 | D35: 深圳市叁贰零科技有限公司 | E35: 7402.5 | F35: =VLOOKUP(C35,[1]销售对应表!C:J,5,0) -> 客户销售二组 | G35: =VLOOKUP(C35,[1]销售对应表!C:J,6,0) -> 客户销售一部 | I35: 总计 | J35: 10402782
A36: AI开放平台摄像机（数字化） | B36: 深圳市 | C36: 陈伟添 | D36: 深圳市珍晨科技有限公司 | E36: 984 | F36: =VLOOKUP(C36,[1]销售对应表!C:J,5,0) -> 客户销售二组 | G36: =VLOOKUP(C36,[1]销售对应表!C:J,6,0) -> 客户销售一部
A37: AI开放平台摄像机（数字化） | B37: 深圳市 | C37: 黄燕滨 | D37: 恩凯福科技（深圳）有限公司 | E37: 900 | F37: =VLOOKUP(C37,[1]销售对应表!C:J,5,0) -> 客户销售一组 | G37: =VLOOKUP(C37,[1]销售对应表!C:J,6,0) -> 客户销售一部
A38: AI开放平台超脑 | B38: 深圳市 | C38: 沙坤 | D38: 深圳数联天下智能科技有限公司 | E38: 5250 | F38: =VLOOKUP(C38,[1]销售对应表!C:J,5,0) -> 客户销售一组 | G38: =VLOOKUP(C38,[1]销售对应表!C:J,6,0) -> 客户销售一部
A39: AI开放平台超脑 | B39: 深圳市 | C39: 沙坤 | D39: 深圳泓鲲科技有限公司 | E39: 27500 | F39: =VLOOKUP(C39,[1]销售对应表!C:J,5,0) -> 客户销售一组 | G39: =VLOOKUP(C39,[1]销售对应表!C:J,6,0) -> 客户销售一部
A40: AI开放平台超脑 | B40: 深圳市 | C40: 王嘉恺5 | D40: 深圳市海康云屏科技有限公司 | E40: 2000 | F40: =VLOOKUP(C40,[1]销售对应表!C:J,5,0) -> 客户销售一组 | G40: =VLOOKUP(C40,[1]销售对应表!C:J,6,0) -> 客户销售一部
A41: AI融合巡检超脑 | B41: 深圳市 | C41: 孙天6 | D41: 陕西顺丰速运有限公司 | E41: 30000 | F41: =VLOOKUP(C41,[1]销售对应表!C:J,5,0) -> 客户销售二组 | G41: =VLOOKUP(C41,[1]销售对应表!C:J,6,0) -> 客户销售一部
A42: AI融合巡检超脑 | B42: 深圳市 | C42: 张宜军8 | D42: 深圳市瀚尊网络科技有限公司 | E42: 10000 | F42: =VLOOKUP(C42,[1]销售对应表!C:J,5,0) -> 客户销售四组 | G42: =VLOOKUP(C42,[1]销售对应表!C:J,6,0) -> 客户销售一部
A43: AI融合巡检超脑 | B43: 深圳市 | C43: 张振德 | D43: 深圳市利之宝电子有限公司 | E43: 72000 | F43: =VLOOKUP(C43,[1]销售对应表!C:J,5,0) -> 客户销售一组 | G43: =VLOOKUP(C43,[1]销售对应表!C:J,6,0) -> 客户销售一部
A44: AI融合巡检超脑 | B44: 深圳市 | C44: 张振德 | D44: 深圳市得一工程有限公司 | E44: 28800 | F44: =VLOOKUP(C44,[1]销售对应表!C:J,5,0) -> 客户销售一组 | G44: =VLOOKUP(C44,[1]销售对应表!C:J,6,0) -> 客户销售一部
A45: AI融合巡检超脑 | B45: 深圳市 | C45: 段金君 | D45: 深圳市富晋天维信息通讯技术有限公司 | E45: 6050 | F45: =VLOOKUP(C45,[1]销售对应表!C:J,5,0) -> 客户销售一部 | G45: =VLOOKUP(C45,[1]销售对应表!C:J,6,0) -> 客户销售一部
A46: AI融合巡检超脑 | B46: 深圳市 | C46: 段金君 | D46: 深圳市福安通科技有限公司 | E46: 86000 | F46: =VLOOKUP(C46,[1]销售对应表!C:J,5,0) -> 客户销售一部 | G46: =VLOOKUP(C46,[1]销售对应表!C:J,6,0) -> 客户销售一部
A47: AI融合巡检超脑 | B47: 深圳市 | C47: 沙坤 | D47: 深圳市光数互联智能有限公司 | E47: 50000 | F47: =VLOOKUP(C47,[1]销售对应表!C:J,5,0) -> 客户销售一组 | G47: =VLOOKUP(C47,[1]销售对应表!C:J,6,0) -> 客户销售一部
... A147: 视觉位移监测相机 | B147: 深圳市 | C147: 张振德 | D147: 深圳市晓润智慧科技有限公司 | E147: 2200 | F147: =VLOOKUP(C147,[1]销售对应表!C:J,5,0) -> 客户销售一组 | G147: =VLOOKUP(C147,[1]销售对应表!C:J,6,0) -> 客户销售一部

Sheet 潜力产品
A1: 销售雇员描述 | B1: 潜力产品 | C1: 售达方描述 | D1: 销售额(万) | E1: 同期销售额(万) | F1: 团队 | G1: 三级部门
A2: 刘文宇5 | B2: 人员通道 | C2: 广东朗翼智像科技有限公司 | D2: 4.44 | E2: 0 | F2: =VLOOKUP(A2,[1]销售对应表!C:J,5,0) -> 客户销售四组 | G2: =VLOOKUP(A2,[1]销售对应表!C:J,6,0) -> 客户销售一部
A3: 刘文宇5 | B3: 人员通道 | C3: 深圳市朗驰欣创科技股份有限公司 | D3: 3.256 | E3: 0 | F3: =VLOOKUP(A3,[1]销售对应表!C:J,5,0) -> 客户销售四组 | G3: =VLOOKUP(A3,[1]销售对应表!C:J,6,0) -> 客户销售一部
A4: 刘文宇5 | B4: 出入口停车 | C4: 广东朗翼智像科技有限公司 | D4: 0.392 | E4: 0 | F4: =VLOOKUP(A4,[1]销售对应表!C:J,5,0) -> 客户销售四组 | G4: =VLOOKUP(A4,[1]销售对应表!C:J,6,0) -> 客户销售一部
A5: 刘文宇5 | B5: 出入口停车 | C5: 深圳市科达威科技有限公司 | D5: 1.576 | E5: 0 | F5: =VLOOKUP(A5,[1]销售对应表!C:J,5,0) -> 客户销售四组 | G5: =VLOOKUP(A5,[1]销售对应表!C:J,6,0) -> 客户销售一部
A6: 刘文宇5 | B6: 出入口停车 | C6: 深圳江行联加智能科技有限公司 | D6: 0.8288 | E6: 0 | F6: =VLOOKUP(A6,[1]销售对应表!C:J,5,0) -> 客户销售四组 | G6: =VLOOKUP(A6,[1]销售对应表!C:J,6,0) -> 客户销售一部
A7: 刘文宇5 | B7: 前端大模型 | C7: 深圳市皓驰安防科技有限公司 | D7: 0.588 | E7: 0 | F7: =VLOOKUP(A7,[1]销售对应表!C:J,5,0) -> 客户销售四组 | G7: =VLOOKUP(A7,[1]销售对应表!C:J,6,0) -> 客户销售一部
A8: 刘文宇5 | B8: 后端大模型（文搜&多模态） | C8: 深圳市乐安视智能科技有限公司 | D8: 0 | E8: 0.65 | F8: =VLOOKUP(A8,[1]销售对应表!C:J,5,0) -> 客户销售四组 | G8: =VLOOKUP(A8,[1]销售对应表!C:J,6,0) -> 客户销售一部
A9: 刘文宇5 | B9: 后端大模型（文搜&多模态） | C9: 深圳市皓驰安防科技有限公司 | D9: 1.3 | E9: 6.426 | F9: =VLOOKUP(A9,[1]销售对应表!C:J,5,0) -> 客户销售四组 | G9: =VLOOKUP(A9,[1]销售对应表!C:J,6,0) -> 客户销售一部
A10: 刘文宇5 | B10: 后端大模型（文搜&多模态） | C10: 深圳瑞达网络科技有限公司 | D10: 0 | E10: 0.81 | F10: =VLOOKUP(A10,[1]销售对应表!C:J,5,0) -> 客户销售四组 | G10: =VLOOKUP(A10,[1]销售对应表!C:J,6,0) -> 客户销售一部
A11: 刘文宇5 | B11: 安防PC | C11: 深圳市皓驰安防科技有限公司 | D11: 0 | E11: 0.61 | F11: =VLOOKUP(A11,[1]销售对应表!C:J,5,0) -> 客户销售四组 | G11: =VLOOKUP(A11,[1]销售对应表!C:J,6,0) -> 客户销售一部
A12: 刘文宇5 | B12: 网络产品 | C12: 深圳市乐安视智能科技有限公司 | D12: 0.02405 | E12: 0 | F12: =VLOOKUP(A12,[1]销售对应表!C:J,5,0) -> 客户销售四组 | G12: =VLOOKUP(A12,[1]销售对应表!C:J,6,0) -> 客户销售一部

Sheet 新品
A1: 销售雇员描述 | B1: 新品 | C1: 销售额(万) | D1: 团队 | F1: 行标签 | G1: 求和项:销售额(万)
A2: 张振德 | B2: 交换机（核心轻框/多光多电) | C2: 0.975 | D2: 客户销售一组 | F2: 客户销售四组 | G2: 152.34115
A3: 张振德 | B3: 人员通道（御道/简行/票务闸机） | C3: 2.8768 | D3: 客户销售一组 | F3: 胡鹏17 | G3: 87.583
A4: 张振德 | B4: 前端大模型摄像机 | C4: 66.816 | D4: 客户销售一组 | F4: 梁资航5 | G4: 23.2638
A5: 张振德 | B5: 场景专用球机 | C5: 1.56 | D5: 客户销售一组 | F5: 陈宁8 | G5: 19.1967
A6: 张振德 | B6: 臻全彩IPC | C6: 0.1025 | D6: 客户销售一组 | F6: 张宜军8 | G6: 11.27715
A7: 张栋柱 | B7: 臻全彩IPC | C7: 0.3296 | D7: 客户销售一组 | F7: 刘文宇5 | G7: 8.5707
A8: 彭威12 | B8: 人员通道（御道/简行/票务闸机） | C8: 1.9686 | D8: 客户销售一组 | F8: 徐志伟8 | G8: 2.1538
A9: 彭威12 | B9: 文搜中心存储 | C9: 12.42 | D9: 客户销售一组 | F9: 范富山 | G9: 0.296
A10: 沙坤 | B10: 人员通道（御道/简行/票务闸机） | C10: 1.785 | D10: 客户销售一组 | F10: 客户销售一组 | G10: 151.108
A11: 沙坤 | B11: 前端大模型摄像机 | C11: 1.9585 | D11: 客户销售一组 | F11: 张振德 | G11: 72.3303
A12: 沙坤 | B12: 场景专用球机 | C12: 12.505 | D12: 客户销售一组 | F12: 沙坤 | G12: 28.7122
A13: 沙坤 | B13: 文搜中心存储 | C13: 4.26 | D13: 客户销售一组 | F13: 王嘉恺5 | G13: 27.0628
... A30: 罗兴华 | B30: 人员通道（御道/简行/票务闸机） | C30: 1.185 | D30: 客户销售三组 | F30: 熊佳豪 | G30: 3.816
A31: 罗兴华 | B31: 臻全彩IPC | C31: 2.8002 | D31: 客户销售三组 | F31: (空白)
A32: 罗兴华 | B32: 音频(8000n/4000n系列) | C32: 0.2295 | D32: 客户销售三组 | F32: (空白)
A33: 陈春11 | B33: "界盾"视频防火墙 | C33: 2.64 | D33: 客户销售三组 | F33: 总计 | G33: 460.13168
A34: 陈春11 | B34: 前端大模型摄像机 | C34: 5.7472 | D34: 客户销售三组
A35: 陈春11 | B35: 大模型抓拍机 | C35: 0.65 | D35: 客户销售三组
A36: 陈春11 | B36: 臻全彩IPC | C36: 1.114 | D36: 客户销售三组
A37: 陈春11 | B37: 门禁（国密/国产化） | C37: 0.36 | D37: 客户销售三组
A38: 孙天6 | B38: "界盾"视频防火墙 | C38: 0.336 | D38: 客户销售二组
A39: 孙天6 | B39: 人员通道（御道/简行/票务闸机） | C39: 3.48 | D39: 客户销售二组
A40: 孙天6 | B40: 安防PC | C40: 0.148032 | D40: 客户销售二组
A41: 孙天6 | B41: 臻全彩IPC | C41: 4.530882 | D41: 客户销售二组
A42: 罗肖福 | B42: 专用相机（耐高温/抗振防抖) | C42: 0.4 | D42: 客户销售二组
A43: 罗肖福 | B43: 人员通道（御道/简行/票务闸机） | C43: 9.712 | D43: 客户销售二组
A44: 罗肖福 | B44: 前端大模型摄像机 | C44: 0.0855 | D44: 客户销售二组
A45: 罗肖福 | B45: 服务器（云计算一体机/优势芯片整机/校时） | C45: 2.4983 | D45: 客户销售二组
... A81: 高巍10 | B81: 臻全彩IPC | C81: 37.65044 | D81: 未分配
